path	product_id	updated	quality	supplier_id	prod_id	catid	m_prod_id	ean_upc	on_market	country_market	model_name	product_view	high_pic	high_pic_size	high_pic_width	high_pic_height	m_supplier_id	m_supplier_name	ean_upc_is_approved	Limited	Date_Added
export/freexml.int/NL/1399.xml	1399	20191115145540	ICECAT	1	C4872A	377	4872A	5705965480557;0777785507870;0886986291232;9082014024907;6092014024923;0088698629123;0735029220800;4053162277090;5051964081876;0882780756328	1	NL;BE;FR;UA;GB;DE;BG;RU;CY;IE;PT;DK;PL;HU;FI;NO;SE;CH;IT;ES;SK;CZ;AT;US;AU;AE;CA;CL;MX;MY;TR;ZA;LU	80	333140	http://images.icecat.biz/img/gallery/1399_2162651130.jpg	2719119	4200	2772	1	HP	0;0;0;0;0;1;0;0;0;1	No	20051027000000
export/freexml.int/NL/1400.xml	1400	20191115145541	ICECAT	1	C4874A	377	C4874A	0008869862913;0735029212096;0886986291300;5705965480571;0882780756342;0778890617676;4250905208230;4053162277113;0088698629130;5054484043874;0999900713137;0807027516800;0609224642760;0713789969009;0700580277426	1	NL;BE;FR;UA;GB;DE;BG;RU;CY;IE;PT;DK;PL;HU;FI;NO;SE;CH;IT;ES;SK;CZ;AT;US;AU;AE;CA;CL;MX;MY;TR;ZA	80	283127	http://images.icecat.biz/img/gallery/1400_0045049942.jpg	2859109	4200	2952			0;0;0;0;1;0;0;0;1;0;0;0;0;0;0	No	20051027000000
export/freexml.int/NL/1401.xml	1401	20191115151034	ICECAT	1	C4891A	377	C4891A	0088698629208;0008869862920;0807027516893;0999992821987;0882780756397	1	NL;BE;FR;GB;DE;HU;NO;US;CA	80	73997	http://images.icecat.biz/img/norm/high/1401-HP.jpg	30737	400	400			1;0;0;0;1	No	20051028000000
export/freexml.int/NL/1402.xml	1402	20191115151033	ICECAT	1	C4893A	377	C4893A	0088698629222;0882780756410	1	NL;BE;GB;DE;HU;NO;IT;US;CA	80	73541	http://images.icecat.biz/img/norm/high/1402-HP.jpg	30650	400	400			1;1	No	20051028000000
export/freexml.int/NL/1403.xml	1403	20191115145542	ICECAT	1	C4934A	377	C4934A	5051964083603;4053162277304;5055344664543;0251842526016;0025184252601;0882780756465	1	NL;BE;FR;UA;GB;DE;BG;RU;LT;CY;IE;PT;DK;PL;HU;FI;NO;SE;CH;IT;ES;SK;CZ;AT;US;AU;AE;CA;MX;MY;TR;ZA;LU	81	281448	http://images.icecat.biz/img/gallery/1403_2968452477.jpg	2068356	4200	2220			0;0;0;0;1;1	No	20051028000000
export/freexml.int/NL/1404.xml	1404	20191115145542	ICECAT	1	C4935A	377	C4935A	5704327657262;5051964083320;0882780756472;0251842526184;4053162277311;0025184252618;5055344664550;5054484067405;5054629005613;4250783520486	1	NL;BE;FR;UA;GB;DE;BG;RU;GR;IE;PT;DK;PL;HU;FI;NO;SE;CH;IT;ES;SK;CZ;AT;US;AU;AE;CA;CL;MX;MY;TR;ZA	81	279231	http://images.icecat.biz/img/gallery/1404_8731518081.jpg	2072223	4200	2256			0;0;1;0;0;1;0;0;0;0	No	20051028000000
export/freexml.int/NL/1405.xml	1405	20191115151036	ICECAT	1	C4993A	377	C4993A	0025184252717;0999992713831;0882780756571	1	GB;DE;HU;NO;SE;IT;MX	81	73703	http://images.icecat.biz/img/norm/high/1405-HP.jpg	24279	400	400			1;0;1	No	20051028000000
export/freexml.int/NL/1406.xml	1406	20191115151036	ICECAT	1	C4994A	377	C4994A	0025184252724;5051395529138;0882780756588	1	BE;FR;GB;DE;DK;HU;NO;SE;IT;US;MY;LU	81	89066	http://images.icecat.biz/img/norm/high/1406-HP.jpg	24280	400	400			1;0;1	No	20051028000000
export/freexml.int/NL/1407.xml	1407	20191115151035	ICECAT	1	C4995A	377	C4995A	0025184252731;0882780756595	1	GB;DE;HU;NO;IT;US;MY	81	84444	http://images.icecat.biz/img/norm/high/1407-3832.jpg	24663	300	300			1;1	No	20051028000000
export/freexml.int/NL/1408.xml	1408	20191115145542	ICECAT	1	C4942A	377	C4942A	0002518425276;0251842527624;5704327420293;4053162277342;0956258042050;0025184252762;0882780756779;5051395528933;20025184252766	1	NL;BE;FR;UA;GB;DE;BG;RU;IE;PT;DK;PL;HU;FI;NO;SE;CH;IT;ES;SK;CZ;AT;US;AU;CA;CL;MX;MY;TR;ZA	83	269439	http://images.icecat.biz/img/gallery/1408_5959684485.jpg	795567	2931	1257			0;0;0;0;0;1;1;0;0	No	20051028000000
export/freexml.int/NL/1409.xml	1409	20191115145543	ICECAT	1	C4961A	846	C4961A	0251842528164;5704327420323;0882780756823;0807027517364;4053162277458;0025184252816;0132017690193;5054484050995;0168141320651;5053676865393;5051395336460;7427454548545;5052461548329;5054533050990;7427454288205;4054189409518	1	NL;BE;FR;UA;GB;DE;BG;RU;GR;IE;PT;DK;PL;HU;FI;NO;SE;CH;IT;ES;SK;CZ;AT;US;AU;AE;BR;CA;MX;MY;TR;ZA	83	219293	http://images.icecat.biz/img/gallery/1409_0690366754.jpg	987770	2730	1398			0;0;1;0;0;1;0;0;0;0;0;0;0;0;0;0	No	20051028000000
export/freexml.int/NL/1410.xml	1410	20191115145544	ICECAT	1	C4963A	846	C4963A	0002518425283;0251842528300;5704327420354;0807027517401;4053162277472;0132017690216;5052461633179;0025184252830;0882780756847;3663341776156;3663341776132;3663341776125;4052305080085	1	NL;BE;FR;UA;GB;DE;BG;RU;IE;PT;DK;PL;HU;FI;NO;SE;CH;IT;ES;SK;CZ;AT;US;AU;AE;CA;MX;MY;TR;ZA	83	246486	http://images.icecat.biz/img/gallery/1410_7310516009.jpg	998527	2799	1374			0;0;0;0;0;0;0;1;1;0;0;0;0	No	20051028000000
export/freexml.int/NL/1411.xml	1411	20191115145544	ICECAT	1	C4964A	846	4964A	3598580650670;0251842528478;5704327420361;0882780756854;4053162277489;0025184252847;5054484101161;3663341776231	1	NL;BE;FR;UA;GB;DE;BG;RU;LT;IE;PT;DK;PL;HU;FI;NO;SE;CH;IT;ES;SK;CZ;AT;US;AU;AE;CA;MX;MY;TR;ZA	83	225111	http://images.icecat.biz/img/gallery/1411_6682661336.jpg	836188	2799	1410	1	HP	0;0;0;1;0;1;0;0	No	20051028000000
export/freexml.int/NL/1414.xml	1414	20190404035202	ICECAT	1	C6614NE	377	C6614NE	7251845562588;0725184556258;2072518455625;0725184756078;0725184756047	1	DE;NO	C6614NE	74757	http://images.icecat.biz/img/norm/high/1414-HP.jpg	43288	400	400			0;0;0;1;1	No	20051023000000
export/freexml.int/NL/1415.xml	1415	20190415104808	ICECAT	1	51650CE	377	51650CE	0088698200223	1	BE;NO	50 Cyan Inkjet Print Cartridge	50762	http://images.icecat.biz/img/norm/high/1415-HP.jpg	43235	400	400			0	No	20051023000000
export/freexml.int/NL/1416.xml	1416	20190404035203	ICECAT	1	51650YE	377	51650YE	5051749568240;5705965482575	1	NL;BE;GB;DE;DK;FI;NO;SE;IT;ES;AT;LU	51650YE	54332	http://images.icecat.biz/img/norm/high/1416-HP.jpg	42025	400	400			0;0	No	20051023000000
export/freexml.int/NL/1417.xml	1417	20191115145150	ICECAT	1	51605R	377	51605R	0725355690309;5051964081869;4053162254824;0886981084822;3609740151743;5082014032227;3609740157110;5102014023343;0999998429422;0803983070042;0088698108482;4250905208797	1	NL;BE;FR;UA;GB;DE;BG;RU;IE;PT;DK;PL;HU;FI;NO;SE;CH;IT;ES;SK;CZ;AT;US;AU;AE;CA;MY;TR;ZA	51605R	314502	http://images.icecat.biz/img/gallery/1417_2742960584.jpg	2536244	4200	4200			0;0;0;0;0;0;0;0;0;0;1;0	No	20051023000000
export/freexml.int/NL/1418.xml	1418	20190122160805	ICECAT	1	51625AE	377	51625AE	0886981919964;0088698603444;0088698603437;0088698603451;0088698613795;0725184755040;0088698183441;5705965717806;0725184755026;0725184754999;0088698603420;0088698603468;0088698191996	1	NL;GB;DE;NO;SE;IT;ES;SK;CZ	51625AE	252405	http://images.icecat.biz/img/norm/high/1418-HP.jpg	43446	400	400			0;0;0;0;0;0;0;0;1;1;1;1;0	No	20051023000000
export/freexml.int/NL/1419.xml	1419	20190121115830	ICECAT	1	51641AE	377	51641AE#251	0886982002856;0088698603734;0088698603758;0088698183526;0807027502889;0725184755200;0088698603741;0088698603727;5705965478325;0088698200285;0725184755170;5052217033338	1	NL;FR;GB;DE;IE;NO;SE;IT;ES;SK;TR	51641AE	158977	http://images.icecat.biz/img/norm/high/1419-HP.jpg	47457	400	400	1	HP	0;0;0;0;0;1;1;1;0;1;0;0	No	20051023000000
export/freexml.int/NL/1420.xml	1420	20191115151032	ICECAT	1	C4800A	846	C4800A	0088698217290;0008869821729;0886982172900;0807027515278;0882780549913;0882780546738	1	NL;GB;DE;DK;NO;SE;ZA	C4800A	121436	http://images.icecat.biz/img/norm/high/1420-9430.jpg	83773	400	400			1;0;0;0;1;1	No	20051023000000
export/freexml.int/NL/1421.xml	1421	20191115151032	ICECAT	1	C4801A	846	C4801A	0088698217306;0886982173068;5051964028581;0882780549920;0882780546745	1	NL;BE;GB;DE;NO;SE;IT;US;ZA	C4801A	160726	http://images.icecat.biz/img/norm/high/1421-3576.jpg	83605	400	400			1;0;0;1;1	No	20051023000000
export/freexml.int/NL/1422.xml	1422	20191115151033	ICECAT	1	C4802A	846	C4802A	0088698217313;0886982173167;0886982173136;5051395394217;0882780546752;0882780549937	1	NL;GB;DE;IE;NO;IT;ES;US	C4802A	155109	http://images.icecat.biz/img/norm/high/1422-6668.jpg	83486	400	400			1;0;0;0;1;1	No	20051023000000
export/freexml.int/NL/1423.xml	1423	20191115145539	ICECAT	1	C4810A	846	HPC4810A	0886988572124;0735029131762;0807027515377;4033874262379;5051395528483;5052461798977;0080850136449;0999993937076;0088698857212;4054842864142;5029751008023;0008869885721;0601000694765;0882780549951;0616175670001;4056104585048;3663361390752;3663361391612;3663361391216;3663361391049;3663361391445;3663361391421;4056104584980;4056104583808;0637122289015;5053676858494;3663361391582;4056104583686;4056104587202;4056104583662;4056104583525;4056104587363;4056104587325;4056104584843;3663361391308;4056104584867;3663361391469;4056104587271;3663361391278;3663361391254;3663361391230;4056104583730;4250905208452;3663361391391;3663361390776;4056104587295;3663361390790;4056104583792;4056104584959;3663361391537;4053162276901;0777004582916;3663361391513;0713789972061;3663361391346;3663361391322;4056104584881;4056104583709;0700580340571;3663361391483;4056104587301;4056104585154;0816988157212;7427447440429;4056104585017;4056104587424;4056104587448;3663361391605;3663361391209;3663361391629;3663361391599;3663361391575;0807320309895;3663361391551;5054484052487;4056104587233;3663361391292;4056104583679;4056104587394;4056104583655;4056104587219;5054533052482;4056104583693;4056104584836;4056104585109;4056104584812;0716184316294;0806291810768;3663361391414;3663361391247;5054629037980;3663361391223;4056104583747;4056104584782;3663361391384;3663361391360;4056104583723;3663361390769;4056104585055;0163120580002;3663361391506;3663361391476;3663361391452;0971475392658;0778888532929;4056104587332;3663361391193;4056104587356;4056104587493;4054554686407;4056104585123;4056104583532;4056104585147;4056104587318;0803983055612;4056104583594;4056104587479;4054446096192;4056104584898;4051709976611;3663361391339;4056104584850;3663361391315;4056104584874;0858558342086;3663361391544;4052305079997;4056104585093;3663361391285;0601000696097;3663361391261;4056104583785;4056104587288;4056104583761;4056104583624;4056104587240;4056104583600;4056104587264;0702658617165;4056104584829;4056104587226;3663361391094;4056104584805;5055344664123;0999990913288;4056104584966;3663361391407;3663361391568;4056104583716;3663361391377;3663361391353;4056104587431;4056104587196;4056104585000	1	NL;BE;FR;UA;GB;DE;BG;RU;LT;CY;IE;PT;DK;PL;HU;FI;NO;SE;CH;IT;ES;SK;CZ;AT;US;AU;AE;AS;BR;CA;CL;JM;MX;MY;NZ;TR;ZA;LU;WW	11	536346	http://images.icecat.biz/img/gallery/1423_2019113055.jpg	3373394	3152	4160	1	HP	0;0;0;1;0;0;0;0;1;0;0;0;0;1;0;0;0;0;0;0;0;0;0;0;0;0;0;0;0;0;0;0;0;0;0;0;0;0;0;0;0;0;0;0;0;0;0;0;0;0;0;0;0;0;0;0;0;0;0;0;0;0;0;0;0;0;0;0;0;0;0;0;0;0;0;0;0;0;0;0;0;0;0;0;0;0;0;0;0;0;0;0;0;0;0;0;0;0;0;0;0;0;0;0;0;0;0;0;0;0;0;0;0;0;0;0;0;0;0;0;0;0;0;0;0;0;0;0;0;0;0;0;0;0;0;0;0;0;0;0;0;0;0;0;0;0;0;0;0;0;0;0;0;0	No	20051023000000
export/freexml.int/NL/1423.xml	1423	20191115145539	ICECAT	1	C4810A	846	Tempcomp3108	0886988572124;0735029131762;0807027515377;4033874262379;5051395528483;5052461798977;0080850136449;0999993937076;0088698857212;4054842864142;5029751008023;0008869885721;0601000694765;0882780549951;0616175670001;4056104585048;3663361390752;3663361391612;3663361391216;3663361391049;3663361391445;3663361391421;4056104584980;4056104583808;0637122289015;5053676858494;3663361391582;4056104583686;4056104587202;4056104583662;4056104583525;4056104587363;4056104587325;4056104584843;3663361391308;4056104584867;3663361391469;4056104587271;3663361391278;3663361391254;3663361391230;4056104583730;4250905208452;3663361391391;3663361390776;4056104587295;3663361390790;4056104583792;4056104584959;3663361391537;4053162276901;0777004582916;3663361391513;0713789972061;3663361391346;3663361391322;4056104584881;4056104583709;0700580340571;3663361391483;4056104587301;4056104585154;0816988157212;7427447440429;4056104585017;4056104587424;4056104587448;3663361391605;3663361391209;3663361391629;3663361391599;3663361391575;0807320309895;3663361391551;5054484052487;4056104587233;3663361391292;4056104583679;4056104587394;4056104583655;4056104587219;5054533052482;4056104583693;4056104584836;4056104585109;4056104584812;0716184316294;0806291810768;3663361391414;3663361391247;5054629037980;3663361391223;4056104583747;4056104584782;3663361391384;3663361391360;4056104583723;3663361390769;4056104585055;0163120580002;3663361391506;3663361391476;3663361391452;0971475392658;0778888532929;4056104587332;3663361391193;4056104587356;4056104587493;4054554686407;4056104585123;4056104583532;4056104585147;4056104587318;0803983055612;4056104583594;4056104587479;4054446096192;4056104584898;4051709976611;3663361391339;4056104584850;3663361391315;4056104584874;0858558342086;3663361391544;4052305079997;4056104585093;3663361391285;0601000696097;3663361391261;4056104583785;4056104587288;4056104583761;4056104583624;4056104587240;4056104583600;4056104587264;0702658617165;4056104584829;4056104587226;3663361391094;4056104584805;5055344664123;0999990913288;4056104584966;3663361391407;3663361391568;4056104583716;3663361391377;3663361391353;4056104587431;4056104587196;4056104585000	1	NL;BE;FR;UA;GB;DE;BG;RU;LT;CY;IE;PT;DK;PL;HU;FI;NO;SE;CH;IT;ES;SK;CZ;AT;US;AU;AE;AS;BR;CA;CL;JM;MX;MY;NZ;TR;ZA;LU;WW	11	536346	http://images.icecat.biz/img/gallery/1423_2019113055.jpg	3373394	3152	4160	1	HP	0;0;0;1;0;0;0;0;1;0;0;0;0;1;0;0;0;0;0;0;0;0;0;0;0;0;0;0;0;0;0;0;0;0;0;0;0;0;0;0;0;0;0;0;0;0;0;0;0;0;0;0;0;0;0;0;0;0;0;0;0;0;0;0;0;0;0;0;0;0;0;0;0;0;0;0;0;0;0;0;0;0;0;0;0;0;0;0;0;0;0;0;0;0;0;0;0;0;0;0;0;0;0;0;0;0;0;0;0;0;0;0;0;0;0;0;0;0;0;0;0;0;0;0;0;0;0;0;0;0;0;0;0;0;0;0;0;0;0;0;0;0;0;0;0;0;0;0;0;0;0;0;0;0	No	20051023000000
export/freexml.int/NL/1424.xml	1424	20191115145539	ICECAT	1	C4811A	846	C4811A	0886988572292;0735029212218;4054318314997;0088698857229;0882780549968;5052733858408;0745666803380;7859806269059;0132017689890;3663361159922;4056104836515;4056104837888;4056104735894;4056104658841;4056104837079;4056104735429;4056104736617;4056104735597;4056104736723;4056104941769;4056104837154;4056104942452;4056104837956;4056104727165;4051709976635;4056104736860;4056104941547	1	NL;BE;FR;UA;GB;DE;BG;RU;LT;CY;IE;PT;DK;PL;HU;FI;NO;SE;CH;IT;ES;SK;CZ;AT;US;AU;AE;AS;BR;CA;CL;JM;MX;MY;NZ;TR;ZA;WW	11	513730	http://images.icecat.biz/img/gallery/1424_4965059364.jpg	3471519	3152	4160	11	Cisco	0;0;0;1;1;0;0;0;0;0;0;0;0;0;0;0;0;0;0;0;0;0;0;0;0;0;0	No	20051023000000
export/freexml.int/NL/1424.xml	1424	20191115145539	ICECAT	1	C4811A	846	Tempcomp3109	0886988572292;0735029212218;4054318314997;0088698857229;0882780549968;5052733858408;0745666803380;7859806269059;0132017689890;3663361159922;4056104836515;4056104837888;4056104735894;4056104658841;4056104837079;4056104735429;4056104736617;4056104735597;4056104736723;4056104941769;4056104837154;4056104942452;4056104837956;4056104727165;4051709976635;4056104736860;4056104941547	1	NL;BE;FR;UA;GB;DE;BG;RU;LT;CY;IE;PT;DK;PL;HU;FI;NO;SE;CH;IT;ES;SK;CZ;AT;US;AU;AE;AS;BR;CA;CL;JM;MX;MY;NZ;TR;ZA;WW	11	513730	http://images.icecat.biz/img/gallery/1424_4965059364.jpg	3471519	3152	4160	1	HP	0;0;0;1;1;0;0;0;0;0;0;0;0;0;0;0;0;0;0;0;0;0;0;0;0;0;0	No	20051023000000
export/freexml.int/NL/1425.xml	1425	20191113151816	ICECAT	1	C4920AE	846	C4920AE	0886983147082;7251847123572;0088698314708;5060467294522	1	BE;UA;GB;DE;IE;NO;SE;IT	C4920A	106889	http://images.icecat.biz/img/norm/high/15743_1425-8073.jpg	76083	400	400			0;0;1;0	No	20051027000000
export/freexml.int/NL/1426.xml	1426	20191113151816	ICECAT	1	C4921AE	846	C4921AEPH	0886983147150;7251847123640;4053162888364;0088698314715	1	UA;GB;DE;DK;NO;SE;IT;LU	C4921AE	111060	http://images.icecat.biz/img/norm/high/15743_1426-2939.jpg	75360	400	400	1	HP	0;0;0;1	No	20051027000000
export/freexml.int/NL/1427.xml	1427	20191113151805	SUPPLIER	1	C3837A	847	C3837A	0088698061732;5705965480335	1	DE;GB;NO;ZA	C3837A	96215	http://images.icecat.biz/img/norm/high/1427-HP.jpg	48735	400	400			1;0	No	20051004000000
export/freexml.int/NL/1428.xml	1428	20190422025611	ICECAT	1	51634Z	714	51634Z	0088698030110	1	NL;BE;DE;DK;FI;SE;IT;ES;CZ	Premium Papier A4	46666	http://images.icecat.biz/img/norm/high/1428-2089.jpg	7247	170	190			0	No	20051004000000
export/freexml.int/NL/1429.xml	1429	20190422023019	SUPPLIER	1	CHP412	714	CHP412		1	DE	premium choice laser paper, A4 (250 sheets)	17801	http://images.icecat.biz/img/norm/high/1429-3387.jpg	4199	170	190				No	20050715000000
export/freexml.int/NL/1430.xml	1430	20191115135842	ICECAT	1	CHP120	714	CHP120	3141725002287	1	NL;BE;FR;GB;DE;RU;IE;DK;PL;NO;SE;CH;IT;ES;MY;TR;ZA	CHP120	84115	http://images.icecat.biz/img/gallery/1430_5061892078.jpg	1246273	2843	3199			1	No	20051004000000
export/freexml.int/NL/1431.xml	1431	20191115135842	ICECAT	1	CHP113	714	CHP113		1	GB;IT;FR;DE;ES;NL;RU;PL;TR;SE;CH;IE;ZA;BE;NO;MY	CHP113	83217	http://images.icecat.biz/img/gallery/1431_3377549432.jpg	1246273	2843	3199				No	20051104000000
export/freexml.int/NL/1432.xml	1432	20191113151801	ICECAT	1	C2936A	853	C2936A	0088698042687;0886980426876	1	GB;DE;NO	Color and Monochrome Laser Transparencies-50 sht/A4/210 x 297 mm	128395	http://images.icecat.biz/img/norm/high/1432-HP.jpg	54707	400	400			1;0	No	20051004000000
export/freexml.int/NL/1433.xml	1433	20190410203405	SUPPLIER	1	C6984A	847	C6984A	5705965523407	1	DE	photo-quality paper, semi-glossy, two-sided, A4 (25 sheets)	23103	http://images.icecat.biz/img/norm/high/1433-9159.jpg	29903	170	190			0	No	20050715000000
export/freexml.int/NL/1434.xml	1434	20191113151841	ICECAT	1	C6951A	847	C6951A	0088698839959;8170598695123;0886988399592;5705965480861	1	NL;DE;ES	C6951A	129609	http://images.icecat.biz/img/norm/high/1434-HP.jpg	44762	400	400			1;0;0;0	No	20050912000000
export/freexml.int/NL/1435.xml	1435	20191115151006	ICECAT	1	C1821A	714	C1821A	0088698115800;0886981158004	1	DE;DK;SE;MY	C1821A	66531	http://images.icecat.biz/img/norm/high/1435-HP.jpg	75850	400	400			1;0	No	20050715000000
export/freexml.int/NL/1436.xml	1436	20191113153040	ICECAT	1	Q1742A	845	Q1742A	7251848259898;0725184825989	1	GB;DE;ES	Q1742A	65779	http://images.icecat.biz/img/gallery/1436_4334435874.jpg	550116	3193	2384			0;1	No	20050811000000
export/freexml.int/NL/1438.xml	1438	20190407094033	SUPPLIER	1	Q1715A	971	Q1715A	0725184825712	1	GB	Sahara Fine Art Paper 140 g/m²-36"/914 mm x 10.7 m	16057	http://images.icecat.biz/img/norm/high/1438-HP.jpg	5040	170	190			0	No	20050810000000
export/freexml.int/NL/1440.xml	1440	20191113153040	ICECAT	1	Q1733A	714	Q1733A	0725184825897;7251848258976	1	GB;DE;FI;SE;LU	Q1733A	92662	http://images.icecat.biz/img/norm/high/1440-HP.jpg	18747	400	400			1;0	No	20050811000000
export/freexml.int/NL/1441.xml	1441	20190624112251	ICECAT	1	Q1734A	971	Q1734A	0725184825903	1	GB	Q1734A	19117	http://images.icecat.biz/img/norm/high/1441-8783.jpg	23353	400	400			0	No	20050811000000
export/freexml.int/NL/1442.xml	1442	20190414075038	ICECAT	1	Q1899A	971	Q1899A		1	DE	scrim banner (rol, 1067 mm)	24434	http://images.icecat.biz/img/norm/high/1442-9870.jpg	7179	170	190				No	20050715000000
export/freexml.int/NL/1444.xml	1444	20191113153041	ICECAT	1	Q1914A	853	Q1914A	0088698419281;0886984192814;7612392097648;7082014032447;4102014032650;3112014032520	1	NL;BE;GB;DE;DK;FI;NO;SE;IT;ES;LU	Two-view Cling Film	74088	http://images.icecat.biz/img/norm/high/1444-HP.jpg	22821	400	300			1;0;0;0;0;0	No	20050823000000
export/freexml.int/NL/1445.xml	1445	20191113153042	ICECAT	1	Q1915A	853	Q1915A	0088698419298;0886984192982	1	NL;BE;GB;DE;DK;FI;SE;IT;ES	Two-view Cling Film	79949	http://images.icecat.biz/img/norm/high/1445-HP.jpg	22821	400	300			1;0	No	20050823000000
export/freexml.int/NL/1446.xml	1446	20190715012810	SUPPLIER	1	C1882A	853	C1882A		1	DE;GB	3M Changeable Opaque Imaging Media-914 mm x 13.7 m (36 in x 45 ft)	17889	http://images.icecat.biz/img/norm/high/1446-HP.jpg	917982	3193	2384				No	20050811000000
export/freexml.int/NL/1447.xml	1447	20190406182715	SUPPLIER	1	C1886A	853	C1886A	0088698553688	1	GB;DE	3M Matte Overlaminate Paper-1372 mm x 22.9 m (54 in x 75 ft)	20792	http://images.icecat.biz/img/norm/high/1447-HP.jpg	913150	3193	2384			0	No	20050810000000
export/freexml.int/NL/1448.xml	1448	20191113114427	ICECAT	1	C6779A	853	C6779A	0002518414249;0088698523063	1	GB;DE	C6779A	40138	http://images.icecat.biz/img/norm/high/1448-HP.jpg	16694	170	190			0;1	No	20050823000000
export/freexml.int/NL/1449.xml	1449	20190408053814	ICECAT	1	C6780A	971	C6780A	0886985230706;0088698523070	1	GB;DE	C6780A	41569	http://images.icecat.biz/img/gallery/1449_2095305021.jpg	30675	400	400			0;1	No	20050823000000
export/freexml.int/NL/1450.xml	1450	20191115152626	ICECAT	1	Q1396A	714	AQ1396A	7251846601606;0725184814310;5051964024590;5053676833583;4082014025107;0082014025125;4053162296169;0725184660160;0890552550630;0848412013641;5054629052983;4049982211031;5056066734453	1	NL;BE;FR;UA;GB;DE;BG;RU;LT;CY;IE;PT;IS;DK;PL;HU;FI;NO;SE;CH;IT;ES;SK;CZ;AT;US;AU;CA;CL;MX;TR;LU;WW	Q1396A	347281	http://images.icecat.biz/img/norm/high/1450-HP.jpg	19448	400	400	1	HP	0;0;0;0;0;0;0;1;0;1;0;0;0	No	20050715000000
export/freexml.int/NL/1450.xml	1450	20191115152626	ICECAT	1	Q1396A	714	HPQ1396A	7251846601606;0725184814310;5051964024590;5053676833583;4082014025107;0082014025125;4053162296169;0725184660160;0890552550630;0848412013641;5054629052983;4049982211031;5056066734453	1	NL;BE;FR;UA;GB;DE;BG;RU;LT;CY;IE;PT;IS;DK;PL;HU;FI;NO;SE;CH;IT;ES;SK;CZ;AT;US;AU;CA;CL;MX;TR;LU;WW	Q1396A	347281	http://images.icecat.biz/img/norm/high/1450-HP.jpg	19448	400	400	1	HP	0;0;0;0;0;0;0;1;0;1;0;0;0	No	20050715000000
export/freexml.int/NL/1450.xml	1450	20191115152626	ICECAT	1	Q1396A	714	Q1396A	7251846601606;0725184814310;5051964024590;5053676833583;4082014025107;0082014025125;4053162296169;0725184660160;0890552550630;0848412013641;5054629052983;4049982211031;5056066734453	1	NL;BE;FR;UA;GB;DE;BG;RU;LT;CY;IE;PT;IS;DK;PL;HU;FI;NO;SE;CH;IT;ES;SK;CZ;AT;US;AU;CA;CL;MX;TR;LU;WW	Q1396A	347281	http://images.icecat.biz/img/norm/high/1450-HP.jpg	19448	400	400	11	Cisco	0;0;0;0;0;0;0;1;0;1;0;0;0	No	20050715000000
export/freexml.int/NL/1451.xml	1451	20191115152627	ICECAT	1	Q1397A	702	HPQ1397A	7251846601774;5704327049975;0725184814334;8484120136580;4053162296176;0854432526108;0725184660177;0848412013658;5054629074350	1	NL;BE;FR;UA;GB;DE;BG;RU;LT;CY;IE;PT;IS;DK;HU;FI;NO;SE;CH;IT;ES;SK;CZ;AT;US;AU;CA;CL;MX;NZ;LU	Q1397A	309532	http://images.icecat.biz/img/norm/high/1451-HP.jpg	19448	400	400	1	HP	0;0;0;0;0;0;1;1;0	No	20050715000000
export/freexml.int/NL/1452.xml	1452	20190624112251	ICECAT	1	C7968A	971	C7968A	0725184825514	1	ES	C7968A	24764	http://images.icecat.biz/img/norm/high/1452-HP.jpg	9072	170	190			0	No	20050810000000
export/freexml.int/NL/1453.xml	1453	20190406125813	SUPPLIER	1	Q1696A	971	Q1696A	0725184825521;2092014032519	1	SE;FI;LU	Matte Canvas 340 g/m²-54"/1372 mm x 10.7 m	19976	http://images.icecat.biz/img/norm/high/1453-HP.jpg	9072	170	190			0;0	No	20050810000000
export/freexml.int/NL/1454.xml	1454	20191115151057	ICECAT	1	C6019B	971	C6019B	0886985913760;0788698591375;4053162279179;0908268691650;8484120127502;0999992689518;5054565070218;5051395529756;0088698591376;0848412012750	1	NL;BE;FR;UA;GB;DE;BG;RU;CY;IE;PT;IS;DK;PL;HU;FI;NO;SE;CH;IT;ES;SK;CZ;AT;US;AU;BR;CA;MX;NZ	C6019B	290735	http://images.icecat.biz/img/gallery/img_1454_high_1506985901_4062_9609.jpg	661516	3387	2400	11	Cisco	0;0;0;0;0;0;0;0;1;1	No	20050728000000
export/freexml.int/NL/1454.xml	1454	20191115151057	ICECAT	1	C6019B	971	HPC6019B	0886985913760;0788698591375;4053162279179;0908268691650;8484120127502;0999992689518;5054565070218;5051395529756;0088698591376;0848412012750	1	NL;BE;FR;UA;GB;DE;BG;RU;CY;IE;PT;IS;DK;PL;HU;FI;NO;SE;CH;IT;ES;SK;CZ;AT;US;AU;BR;CA;MX;NZ	C6019B	290735	http://images.icecat.biz/img/gallery/img_1454_high_1506985901_4062_9609.jpg	661516	3387	2400	1	HP	0;0;0;0;0;0;0;0;1;1	No	20050728000000
export/freexml.int/NL/1455.xml	1455	20191115151058	ICECAT	1	C6020B	702	HPC6020B	0886985913838;0088698076903;5705965573600;0088698076910;4052305092002;5054565046114;5054533063976;5052461818507;0088698591383;0848412012774;0088698171615;5053973879406;4053162279186;5053676833460;5055344664741;5054484063971	1	NL;BE;FR;GB;DE;BG;CY;IE;PT;IS;DK;PL;HU;FI;NO;SE;CH;IT;ES;SK;CZ;AT;US;AU;BR;CA;MX;NZ	C6020B	311565	http://images.icecat.biz/img/gallery/img_1455_high_1506985902_2254_1525.jpg	661516	3387	2400	1	HP	0;0;0;0;0;0;0;0;1;1;0;0;0;0;0;0	No	20050727000000
export/freexml.int/NL/1456.xml	1456	20191115151059	ICECAT	1	C6568B	971	C6568B	0008869851979;0883585506996;4053162279315;0886985197900;2092014023401;8835855069962;0848412012804	1	NL;BE;FR;UA;GB;DE;BG;IE;PT;DK;FI;NO;SE;CH;IT;ES;SK;CZ;AT;US;AU;CA	C6568B	163854	http://images.icecat.biz/img/norm/high/1456-HP.jpg	19448	400	400			0;1;0;0;0;0;1	No	20050727000000
export/freexml.int/NL/1457.xml	1457	20191115151104	ICECAT	1	C6980A	702	C6980A	0025184239770;0251842397708;4053162279582;0848412012781;6747816932395;5054533045392;5054484045397;5054629535370;5053676833576;0971475507137	1	NL;BE;FR;UA;GB;DE;BG;RU;IE;PT;DK;HU;FI;NO;SE;CH;IT;ES;SK;CZ;AT;US;AU;CA;MX	C6980A	219198	http://images.icecat.biz/img/norm/high/1457-HP.jpg	19448	400	400			1;0;0;1;0;0;0;0;0;0	No	20051006000000
export/freexml.int/NL/1458.xml	1458	20191115152628	ICECAT	1	Q1406A	971	Q1406A	7251846602214;0854432526139;8484120137020;5051395743817;5053676833637;0725184660221;4053162296213;4049982214032;5054533058651;5054484058656	1	NL;BE;FR;UA;GB;DE;IE;DK;PL;FI;NO;SE;IT;ES;SK;CZ;AT;US;MX;LU	Q1406A	200662	http://images.icecat.biz/img/norm/high/1458-HP.jpg	19448	400	400			0;0;0;0;0;1;0;0;0;0	No	20050730000000
export/freexml.int/NL/1459.xml	1459	20191113153037	ICECAT	1	Q1408A	702	Q1408A	0725184660245;7251846602450;0725184536687;0848412013719;0778890674907;4053162296220	1	NL;BE;FR;GB;DE;PT;DK;FI;NO;SE;IT;ES;SK;CZ;AT;US;MX;LU	Q1408A	147237	http://images.icecat.biz/img/norm/high/1459-HP.jpg	19448	400	400			1;0;0;0;0;0	No	20050730000000
export/freexml.int/NL/1460.xml	1460	20191115150450	ICECAT	1	51631D	714	51631D	0088698043684;0886980436844;5705965482391;0999992687675;0848412014297;5052461818040;5051395526984;5054629031667	1	NL;BE;FR;UA;GB;DE;BG;IE;PT;DK;HU;FI;NO;SE;CH;IT;ES;SK;CZ;AT;US;AU;CA;MX	51631D	231269	http://images.icecat.biz/img/norm/high/1460-HP.jpg	20165	400	400			1;0;0;0;1;0;0;0	No	20050902000000
export/freexml.int/NL/1461.xml	1461	20191115150451	ICECAT	1	51631E	714	51631E	5018206030832;0886980436912;0999992687682;5051395310491;0002900551859;4054317590989;5054629046692;5053676833446;0088698043691;4053162254862	1	NL;BE;FR;UA;GB;DE;BG;IE;PT;DK;FI;NO;SE;CH;IT;ES;SK;CZ;AT;US;AU;CA;MX;NZ;LU	51631E	369712	http://images.icecat.biz/img/norm/high/1461-HP.jpg	9166	170	190			0;0;0;0;0;0;0;0;1;0	No	20050729000000
export/freexml.int/NL/1462.xml	1462	20191113114352	SUPPLIER	1	C3885A	853	C3885A	0088698076989;5705965480441	1	GB;LU;DE	High-gloss White Film 165 gsm-914 mm x 21.3 m (36 in x 70 ft)	21336	http://images.icecat.biz/img/gallery/1462_0091366882.jpg	748849	3193	2384			1;0	No	20050715000000
export/freexml.int/NL/1463.xml	1463	20191115150451	ICECAT	1	51642B	853	51642B	0886980770474;0088698077047;0999992960877;0115971203678;4053162254909;5712505117811;0804993452507;0696727707508;0848412013177	1	NL;BE;FR;GB;DE;BG;GR;IE;PT;DK;FI;NO;SE;CH;IT;ES;SK;CZ;AT;US;AU;CA;MX;LU	51642B	250511	http://images.icecat.biz/img/norm/high/1463-HP.jpg	22006	400	400			0;1;0;0;0;0;0;0;1	No	20050730000000
export/freexml.int/NL/1464.xml	1464	20191113114429	SUPPLIER	1	C6794A	971	C6794A	0886985232168;0088698523216	1	FR;CA	C6794A	38929	http://images.icecat.biz/img/gallery/1464_3047531699.jpg	748849	3193	2384			0;1	No	20050824000000
export/freexml.int/NL/1465.xml	1465	20191113114430	SUPPLIER	1	C6795A	971	C6795A	0088698523223	1	SE;FI	Durable Image Gloss UV Paper 200 gsm-1372 mm x 28 m (54 in x 90 ft)	35384	http://images.icecat.biz/img/gallery/1465_0125926214.jpg	748849	3193	2384			1	No	20050823000000
export/freexml.int/NL/1466.xml	1466	20191115152629	ICECAT	1	Q1426A	847	Q1426A	7251846603822;5704327511410;0725184536717;0848412013726;5051749612295;0725184660382;4053162296312;5053676832265;5707957811974;0640206422246;0999993939346;4049982214476	1	NL;BE;FR;UA;GB;DE;IE;DK;FI;SE;IT;ES;SK;CZ;US;MX;LU	Q1426A	212472	http://images.icecat.biz/img/norm/high/1466-HP.jpg	23499	400	300			0;0;0;0;0;1;0;0;0;0;0;0	No	20050902000000
export/freexml.int/NL/1467.xml	1467	20191115152629	ICECAT	1	Q1428A	847	Q1428A	0725184660405;0725184536731;0848412013740;7251846604058;7330381004902	1	NL;BE;FR;GB;DE;PT;DK;FI;NO;SE;CH;IT;ES;SK;CZ;AT;US;AU;CA;MX;LU	Universal High-gloss Photo Paper	211293	http://images.icecat.biz/img/norm/high/1467-6015.jpg	22221	400	400			1;0;0;0;0	No	20050902000000
export/freexml.int/NL/1468.xml	1468	20191108172342	SUPPLIER	1	Q1429A	971	Q1429A	0725184660412;0725184536748	1	CA;SE;FI;GB;IT	Universal Gloss Photo Paper 190 gsm-1372 mm x 30.5 m (54 in x 100 ft)	35137	http://images.icecat.biz/img/gallery/1468_5199243853.jpg	748849	3193	2384			1;0	No	20050902000000
export/freexml.int/NL/1469.xml	1469	20191113153038	ICECAT	1	Q1430A	847	Q1430A	7251846604294;1072518466042;5051749612332;0725184536755;0725184660429	1	NL;BE;GB;DE;BG;FI;NO;SE;IT;CA;LU	Q1430A	94062	http://images.icecat.biz/img/norm/high/1469-1257.jpg	28166	480	480			0;0;0;0;1	No	20050902000000
export/freexml.int/NL/1470.xml	1470	20191113151837	ICECAT	1	C6033A	847	C6033A	3270220000020;0088698171745	1	FI;DK;SE;GB;DE	C6033A	26899	http://images.icecat.biz/img/norm/high/1470-HP.jpg	21042	400	400			0;1	No	20050730000000
export/freexml.int/NL/1471.xml	1471	20190409151133	ICECAT	1	C6574A	847	C6574A	0088698519851	1	GB;DE	High-gloss	23528	http://images.icecat.biz/img/norm/high/1471-HP.jpg	21042	400	400			0	No	20050715000000
export/freexml.int/NL/1472.xml	1472	20191113151841	ICECAT	1	C6964A	847	C6964A	0088698886748	1	DE;NO	C6964A	53603	http://images.icecat.biz/img/norm/high/1472-HP.jpg	22821	400	300			1	No	20050730000000
export/freexml.int/NL/1473.xml	1473	20191113114351	ICECAT	1	C3868A	702	C3868A	0088698076811;5051395528216;0886980768112;4053162276611;5051395528070;0848412014228;5052461818392;5054484074762	1	NL;BE;FR;UA;GB;DE;BG;RU;IE;PT;DK;HU;FI;NO;SE;CH;IT;ES;SK;CZ;AT;US;AU;CA;MX;NZ;LU	C3868A	232221	http://images.icecat.biz/img/norm/high/1473-HP.jpg	9156	170	190			1;0;0;0;0;1;0;0	No	20050728000000
export/freexml.int/NL/1474.xml	1474	20191113114351	ICECAT	1	C3869A	702	C3869A	5711045077258;0886980768280;0848412014211;4053162276628;0088698076828;5415247136538	1	NL;BE;FR;UA;GB;DE;BG;IE;PT;DK;HU;FI;NO;SE;CH;IT;ES;SK;CZ;AT;US;AU;CA;MX;NZ;LU	C3869A	236521	http://images.icecat.biz/img/norm/high/1474-HP.jpg	9156	170	190			0;0;1;0;1;0	No	20050727000000
export/freexml.int/NL/1475.xml	1475	20190419083728	SUPPLIER	1	Q1749A	845	Q1749A	0725184826054	1	ES	"HP Paper-backed Silk Satin Fabric 63.5 g/m² (no backing 63.5 g/m² - with backing 160 g/m²)-54""/1372 mm x 10 m"	19819	http://images.icecat.biz/img/norm/high/1475-9593.jpg	5040	170	190			0	No	20050810000000
export/freexml.int/NL/1477.xml	1477	20191113153040	ICECAT	1	Q1736A	853	Q1736A	7251848259270;0725184825927;4054842893197	1	GB;DE;DK;SE;ES	White Matte Polyester Film	75131	http://images.icecat.biz/img/norm/high/1477-HP.jpg	22821	400	300			0;1;0	No	20051006000000
export/freexml.int/NL/1478.xml	1478	20190423195024	SUPPLIER	1	Q1738A	853	Q1738A		1	GB	White Matte Polyester Film 165 g/m²-60"/1524 mm x 15.2 m	14367	http://images.icecat.biz/img/norm/high/1478-HP.jpg	9072	170	190				No	20051006000000
export/freexml.int/NL/1479.xml	1479	20191113153041	ICECAT	1	Q1903A	853	Q1903A	0886984192296;0777780476812;0088698419229	1	NL;BE;GB;DE;BG;DK;NO;SE;IT;SK	Matte 914 mm x 22.9 m (36 in x 75 ft)	127099	http://images.icecat.biz/img/norm/high/1479-7626.jpg	21363	400	400			0;0;1	No	20050811000000
export/freexml.int/NL/1481.xml	1481	20191113151842	SUPPLIER	1	C6961A	971	C6961A	0886988867176;0088698886717	1	GB	Photo Imaging Satin Paper 183 gsm-1524 mm x 30.5 m (60 in x 100 ft)	31705	http://images.icecat.biz/img/gallery/1481_5731652890.jpg	748849	3193	2384			0;1	No	20050729000000
export/freexml.int/NL/1482.xml	1482	20191101000752	SUPPLIER	1	C7952A	971	C7952A	0725184825354	1	GB	C7952A	61561	http://images.icecat.biz/img/gallery/1482_8115099517.jpg	748849	3193	2384			1	No	20050823000000
export/freexml.int/NL/1483.xml	1483	20191113153037	ICECAT	1	Q1420A	847	Q1420A	7251846603204;5705965777985;0088698550335;0725184292880;0848412013948;5707957811929;0725184660320	1	NL;BE;FR;UA;GB;DE;IE;PT;DK;FI;NO;SE;IT;ES;SK;CZ;AT;US;LU	Q1420A	191963	http://images.icecat.biz/img/norm/high/1483-HP.jpg	22006	400	400			0;0;0;0;0;0;1	No	20050902000000
export/freexml.int/NL/1484.xml	1484	20191113153038	ICECAT	1	Q1423A	847	Q1423A	7251846603518;0725184660351;0082014032604;7092014032422	1	GB;DE;FI;NO;SE;US	Universal Satin	54796	http://images.icecat.biz/img/norm/high/1484-HP.jpg	21387	400	400			0;1;0;0	No	20050902000000
export/freexml.int/NL/1485.xml	1485	20191113151836	ICECAT	1	C6032A	847	C6032A	0008869817173;0088698171738	1	GB;DE;NO	C6032A	54871	http://images.icecat.biz/img/norm/high/1485-HP.jpg	21387	400	400			0;1	No	20050823000000
export/freexml.int/NL/1486.xml	1486	20190415213510	SUPPLIER	1	C6572A	847	C6572A		1	GB;DE	Semi-gloss Photo CP Paper 179 g/m²-54"/1372 mm x 30.5 m	15676	http://images.icecat.biz/img/norm/high/1486-598.jpg	3271	170	190				No	20050823000000
export/freexml.int/NL/1487.xml	1487	20191115142158	ICECAT	1	C3859A	853	C3859A	0088698076729	1	GB;DE;IE;IT;US;CA;MX;NZ	Translucent Bond Paper	63041	http://images.icecat.biz/img/norm/high/1487-2558.jpg	21629	213	216	10219	BMG Ariola	1	No	20050715000000
export/freexml.int/NL/1488.xml	1488	20191113114352	SUPPLIER	1	C3862A	971	C3862A	0088698076750	1	GB;DE	C3862A	55704	http://images.icecat.biz/img/gallery/1488_8042762774.jpg	748849	3193	2384			1	No	20050715000000
export/freexml.int/NL/1489.xml	1489	20190406111924	SUPPLIER	1	92162A	905	92162A		1	NL;GB;DE;US	Dot-matrix Printer Ribbon	20696	http://images.icecat.biz/img/norm/high/1489-HP.jpg	13739	150	159				No	20050715000000
export/freexml.int/NL/1490.xml	1490	20190404035206	SUPPLIER	1	92162M	905	92162M		1	NL;DE	Dot-matrix Printer Ribbon	18311	http://images.icecat.biz/img/norm/high/1490-HP.jpg	13739	150	159				No	20050715000000
export/freexml.int/NL/1491.xml	1491	20190407212323	SUPPLIER	1	9282-0545	905	9282-0545		1	NL;DE;US	Impact Printer Ribbon (18 m)	17387	http://images.icecat.biz/img/norm/high/1491-HP.jpg	10845	150	159				No	20050715000000
export/freexml.int/NL/1501.xml	1501	20190405064335	SUPPLIER	1	C8008A	1066	C8008A	0725184813450	1	GB	DVD+RW media, 4.7 GB in jewel case	22231	http://images.icecat.biz/img/norm/high/1501-6108.jpg	5608	170	190			0	No	20050715000000
export/freexml.int/NL/1513.xml	1513	20190415000055	SUPPLIER	1	P4819A	221	P4819A		1	NL;DE	p1130 21" CRT color monitor, 19.8" viewable	23312	http://images.icecat.biz/img/norm/high/1513.jpg	4326	170	190				No	20050627000000
export/freexml.int/NL/1528.xml	1528	20190409053825	SUPPLIER	1	F3974H	151	F3974H#ABD		1	DE	omnibook xe3 PIII-M/1.06 GHz 256M/20g 14.1" TFT XGA DVD s/w modem/LAN WXP he	21485	http://images.icecat.biz/img/norm/high/1528.jpg	6445	170	190	1	HP		No	20050627000000
export/freexml.int/NL/1575.xml	1575	20190421164023	SUPPLIER	1	J4813A	258	J4813A	7251845247836;0882780178670;0725184524776;0725184524783;5705965863190;0725184524813;0725184524790;4053162141148;5711045856655;7251845247768	1	BE;GB;DE;DK;NO;IT;ES;US;LU	ProCurve 2524 Switch	79424	http://images.icecat.biz/img/norm/high/1575-HP.jpg	14294	400	400	3047	Aruba, a Hewlett Packard Enterprise company	0;0;1;1;1;1;1;0;0;0	No	20050715000000
export/freexml.int/NL/1575.xml	1575	20190421164023	SUPPLIER	1	J4813A	258	J4813A#ABA	7251845247836;0882780178670;0725184524776;0725184524783;5705965863190;0725184524813;0725184524790;4053162141148;5711045856655;7251845247768	1	BE;GB;DE;DK;NO;IT;ES;US;LU	ProCurve 2524 Switch	79424	http://images.icecat.biz/img/norm/high/1575-HP.jpg	14294	400	400	1	HP	0;0;1;1;1;1;1;0;0;0	No	20050715000000
export/freexml.int/NL/1618.xml	1618	20190410195720	SUPPLIER	1	C4505A	214	C4505A		1	DE;US	CD-Writer 8230e	18191	http://images.icecat.biz/img/norm/high/1618.jpg	3670	170	190				No	20050627000000
export/freexml.int/NL/1619.xml	1619	20190425052217	SUPPLIER	1	Q2096A	214	Q2096A	5705965489109	1	DE	CD-Writer cd24ri	17152	http://images.icecat.biz/img/norm/high/1619.jpg	7500	170	190			0	No	20050627000000
export/freexml.int/NL/1652.xml	1652	20180906120543	ICECAT	1	H4595A	788	H4595A		1	DE	Supportpack - next day replacement, 3 year	24759								No	20041201000000
